Domain Name,Length,Type
aiio,4,Premium
aiex,4,Premium
myai,4,Premium
aiox,4,Premium
myfy,4,Premium
myly,4,Premium
aify,4,Premium
aiax,4,Premium
aiup,4,Premium
aimy,4,Premium
netfy,5,Premium
netmy,5,Premium
mehai,5,Premium
netup,5,Premium
porai,5,Premium
webox,5,Premium
webax,5,Premium
webio,5,Premium
digai,5,Premium
aipor,5,Premium
webex,5,Premium
trymy,5,Premium
tryly,5,Premium
appai,5,Premium
devfy,5,Premium
devax,5,Premium
airav,5,Premium
netox,5,Premium
tryfy,5,Premium
netex,5,Premium
ravai,5,Premium
kavai,5,Premium
devly,5,Premium
aineg,5,Premium
forai,5,Premium
webmy,5,Premium
webfy,5,Premium
webly,5,Premium
aikav,5,Premium
negai,5,Premium
getai,5,Premium
maxai,5,Premium
netai,5,Premium
aipro,5,Premium
aiget,5,Premium
aimar,5,Premium
devup,5,Premium
webai,5,Premium
aifor,5,Premium
marai,5,Premium
aiser,5,Premium
netio,5,Premium
devio,5,Premium
mynet,5,Premium
aihub,5,Premium
myweb,5,Premium
aimeh,5,Premium
netly,5,Premium
webup,5,Premium
proai,5,Premium
topai,5,Premium
devex,5,Premium
ainet,5,Premium
serai,5,Premium
mytry,5,Premium
aiweb,5,Premium
maxweb,6,Premium
softmy,6,Premium
devpou,6,Premium
devpor,6,Premium
devara,6,Premium
serweb,6,Premium
netlab,6,Premium
devkuh,6,Premium
codeex,6,Premium
yasweb,6,Premium
webyal,6,Premium
techup,6,Premium
ramnet,6,Premium
webser,6,Premium
kuhdev,6,Premium
webyas,6,Premium
ramdev,6,Premium
aranet,6,Premium
netban,6,Premium
webdar,6,Premium
softio,6,Premium
devget,6,Premium
dataox,6,Premium
netbaz,6,Premium
webtop,6,Premium
stanet,6,Premium
websta,6,Premium
topweb,6,Premium
appnet,6,Premium
appweb,6,Premium
techax,6,Premium
dataio,6,Premium
darweb,6,Premium
netdar,6,Premium
techfy,6,Premium
karweb,6,Premium
webdig,6,Premium
datafy,6,Premium
webdev,6,Premium
webweb,6,Premium
darnet,6,Premium
webmar,6,Premium
marnet,6,Premium
codeox,6,Premium
tryweb,6,Premium
codeax,6,Premium
prodev,6,Premium
aradev,6,Premium
mehweb,6,Premium
codeio,6,Premium
netara,6,Premium
devnar,6,Premium
devhub,6,Premium
devsan,6,Premium
nettry,6,Premium
trydev,6,Premium
softex,6,Premium
techly,6,Premium
getdev,6,Premium
yaldev,6,Premium
dataly,6,Premium
getnet,6,Premium
appdev,6,Premium
devlab,6,Premium
morweb,6,Premium
devbad,6,Premium
golweb,6,Premium
devram,6,Premium
webpro,6,Premium
webkar,6,Premium
porweb,6,Premium
nethub,6,Premium
devgol,6,Premium
dataax,6,Premium
yalweb,6,Premium
baddev,6,Premium
negweb,6,Premium
techox,6,Premium
mordev,6,Premium
webhub,6,Premium
devmor,6,Premium
webpor,6,Premium
devtry,6,Premium
softax,6,Premium
trynet,6,Premium
techio,6,Premium
trytry,6,Premium
pordev,6,Premium
mehdev,6,Premium
topnet,6,Premium
tizweb,6,Premium
topdev,6,Premium
devsib,6,Premium
maxnet,6,Premium
codeup,6,Premium
netsta,6,Premium
webmax,6,Premium
baznet,6,Premium
webtry,6,Premium
webtiz,6,Premium
pornet,6,Premium
softly,6,Premium
webneg,6,Premium
dataup,6,Premium
webtej,6,Premium
newnet,6,Premium
ravweb,6,Premium
softup,6,Premium
netpor,6,Premium
newdev,6,Premium
fanweb,6,Premium
webmor,6,Premium
codefy,6,Premium
netmar,6,Premium
netkav,6,Premium
devmeh,6,Premium
netget,6,Premium
netnet,6,Premium
sibnet,6,Premium
nardev,6,Premium
newweb,6,Premium
digweb,6,Premium
netsib,6,Premium
goldev,6,Premium
pronet,6,Premium
techex,6,Premium
devpro,6,Premium
devtop,6,Premium
staweb,6,Premium
netram,6,Premium
netdev,6,Premium
proweb,6,Premium
webmeh,6,Premium
dataex,6,Premium
bannet,6,Premium
netpro,6,Premium
marweb,6,Premium
devyal,6,Premium
webgol,6,Premium
softfy,6,Premium
mehnet,6,Premium
webapp,6,Premium
maxdev,6,Premium
netmeh,6,Premium
sibdev,6,Premium
webfan,6,Premium
poudev,6,Premium
kavnet,6,Premium
mysoft,6,Premium
sandev,6,Premium
tejweb,6,Premium
webrav,6,Premium
softsib,7,Premium
stacode,7,Premium
procode,7,Premium
codebaz,7,Premium
softpor,7,Premium
cyberio,7,Premium
techser,7,Premium
protech,7,Premium
datakuh,7,Premium
yaltech,7,Premium
datafan,7,Premium
datalab,7,Premium
baddata,7,Premium
webtech,7,Premium
sabsoft,7,Premium
techsaz,7,Premium
appdata,7,Premium
datakav,7,Premium
sibsoft,7,Premium
yalsoft,7,Premium
webcode,7,Premium
newtech,7,Premium
netdata,7,Premium
yasdata,7,Premium
bazcode,7,Premium
digtech,7,Premium
darcode,7,Premium
datakha,7,Premium
yalcode,7,Premium
maxcode,7,Premium
techkav,7,Premium
datafor,7,Premium
cyberax,7,Premium
topdata,7,Premium
cyberfy,7,Premium
newsoft,7,Premium
badcode,7,Premium
lavcode,7,Premium
codesta,7,Premium
raycode,7,Premium
datamar,7,Premium
datasta,7,Premium
smartai,7,Premium
goltech,7,Premium
techkuh,7,Premium
baztech,7,Premium
softsab,7,Premium
maxdata,7,Premium
techsib,7,Premium
cloudox,7,Premium
pousoft,7,Premium
raydata,7,Premium
maxsoft,7,Premium
codebad,7,Premium
fordata,7,Premium
cloudly,7,Premium
codeneg,7,Premium
cybermy,7,Premium
maxtech,7,Premium
porsoft,7,Premium
softsta,7,Premium
yastech,7,Premium
stasoft,7,Premium
marcode,7,Premium
techmeh,7,Premium
fansoft,7,Premium
mehtech,7,Premium
digsoft,7,Premium
webdata,7,Premium
techran,7,Premium
easydev,7,Premium
sabtech,7,Premium
topcode,7,Premium
kavtech,7,Premium
cloudex,7,Premium
nardata,7,Premium
cloudmy,7,Premium
bazsoft,7,Premium
datayas,7,Premium
cyberly,7,Premium
digdata,7,Premium
narsoft,7,Premium
saztech,7,Premium
statech,7,Premium
cyberox,7,Premium
datatry,7,Premium
newdata,7,Premium
codeyal,7,Premium
fandata,7,Premium
topsoft,7,Premium
softfor,7,Premium
dataray,7,Premium
cyberex,7,Premium
trytech,7,Premium
sertech,7,Premium
badsoft,7,Premium
softyal,7,Premium
techyas,7,Premium
khadata,7,Premium
codemar,7,Premium
softbad,7,Premium
apptech,7,Premium
softram,7,Premium
techpro,7,Premium
techtry,7,Premium
codedig,7,Premium
mycloud,7,Premium
marsoft,7,Premium
softmah,7,Premium
websoft,7,Premium
codenet,7,Premium
prodata,7,Premium
bantech,7,Premium
dardata,7,Premium
appsoft,7,Premium
netcode,7,Premium
softlab,7,Premium
dataapp,7,Premium
tizsoft,7,Premium
codepro,7,Premium
datanew,7,Premium
softfan,7,Premium
poudata,7,Premium
codelab,7,Premium
softtiz,7,Premium
databad,7,Premium
softmar,7,Premium
techbaz,7,Premium
softgol,7,Premium
techapp,7,Premium
techweb,7,Premium
techsta,7,Premium
mycyber,7,Premium
mardata,7,Premium
coderay,7,Premium
codedar,7,Premium
netsoft,7,Premium
techgol,7,Premium
codeyas,7,Premium
mordata,7,Premium
techhub,7,Premium
cloudio,7,Premium
easyweb,7,Premium
ramsoft,7,Premium
digcode,7,Premium
negcode,7,Premium
softpro,7,Premium
techban,7,Premium
techyal,7,Premium
sibtech,7,Premium
datanar,7,Premium
datadar,7,Premium
datahub,7,Premium
datapro,7,Premium
softhub,7,Premium
cyberup,7,Premium
trydata,7,Premium
softbaz,7,Premium
easynet,7,Premium
datasan,7,Premium
toptech,7,Premium
cloudax,7,Premium
techmax,7,Premium
sersoft,7,Premium
techmin,7,Premium
softpou,7,Premium
techsab,7,Premium
appcode,7,Premium
mintech,7,Premium
yascode,7,Premium
nettech,7,Premium
softnar,7,Premium
kuhtech,7,Premium
sandata,7,Premium
softser,7,Premium
rantech,7,Premium
forsoft,7,Premium
stadata,7,Premium
codelav,7,Premium
datapou,7,Premium
newcode,7,Premium
codehub,7,Premium
golsoft,7,Premium
mahsoft,7,Premium
datamor,7,Premium
kavdata,7,Premium
kuhdata,7,Premium
cloudban,8,Premium
cyberget,8,Premium
mehcyber,8,Premium
stacyber,8,Premium
appcloud,8,Premium
forcyber,8,Premium
cloudtiz,8,Premium
raycloud,8,Premium
cyberser,8,Premium
ravcyber,8,Premium
topcloud,8,Premium
cloudtej,8,Premium
cybersib,8,Premium
cybermax,8,Premium
cybermar,8,Premium
cloudweb,8,Premium
golcloud,8,Premium
cybermor,8,Premium
marcyber,8,Premium
cloudmod,8,Premium
cloudsab,8,Premium
cloudrav,8,Premium
cloudfor,8,Premium
cyberray,8,Premium
smartweb,8,Premium
easytech,8,Premium
stacloud,8,Premium
procyber,8,Premium
getcloud,8,Premium
aracloud,8,Premium
tizcloud,8,Premium
cloudsta,8,Premium
easydata,8,Premium
digcyber,8,Premium
modcloud,8,Premium
cyberrav,8,Premium
cyberhub,8,Premium
cloudpro,8,Premium
easysoft,8,Premium
webcloud,8,Premium
cloudyal,8,Premium
newcloud,8,Premium
sercyber,8,Premium
netcloud,8,Premium
forcloud,8,Premium
trycyber,8,Premium
maxcyber,8,Premium
fancyber,8,Premium
cloudget,8,Premium
procloud,8,Premium
cyberlab,8,Premium
cybermeh,8,Premium
topcyber,8,Premium
raycyber,8,Premium
easycode,8,Premium
yalcloud,8,Premium
cloudfan,8,Premium
getcyber,8,Premium
cloudlab,8,Premium
cloudnew,8,Premium
fancloud,8,Premium
cyberpro,8,Premium
cybertej,8,Premium
sibcyber,8,Premium
bancloud,8,Premium
smartdev,8,Premium
cybersta,8,Premium
cybernet,8,Premium
tejcloud,8,Premium
cyberfor,8,Premium
karcloud,8,Premium
cyberfan,8,Premium
cybertry,8,Premium
cloudgol,8,Premium
webcyber,8,Premium
ramcloud,8,Premium
tejcyber,8,Premium
cloudara,8,Premium
cloudlav,8,Premium
cyberara,8,Premium
digcloud,8,Premium
ravcloud,8,Premium
cyberapp,8,Premium
cloudhub,8,Premium
aracyber,8,Premium
appcyber,8,Premium
cloudkar,8,Premium
lavcloud,8,Premium
cloudray,8,Premium
netcyber,8,Premium
maxcloud,8,Premium
cloudram,8,Premium
sabcloud,8,Premium
morcyber,8,Premium
narcyber,8,Premium
